mutation_id	ref_counts	var_counts	normal_cn	minor_cn	major_cn
ABCC13:chr21.15673022.G.T	3086	368	2	0	2
ACTL8:chr1.18152558.G.A	1206	783	2	0	2
ADAD1:chr4.123317495.A.G	1726	1246	2	0	2
AFF3:chr2.100164569.G.C	1955	1575	2	0	2
ALS2CR12:chr2.202154251.G.T	2254	205	2	0	2
AMIGO2:chr12.47471310.T.A	3693	202	2	0	2
APLP2:chr11.129993531.C.T	1330	138	2	0	2
ARHGEF16:chr1.3383856.C.A	1137	963	2	0	2
ATG9B:chr7.150716044.C.T	510	73	2	0	2
BCOR:chrX.39931977.T.C	1996	1	1	0	2
BRD1:chr22.50216919.T.A	1650	283	2	0	2
C15orf44:chr15.65871677.C.G	2217	208	2	0	2
C18orf34:chr18.30873186.T.G	3076	0	2	0	2
C1orf91:chr1.32682922.GA.-	4097	2300	2	0	2
CCIN:chr9.36170166.A.C	2334	352	2	0	2
CDR2:chr16.22357695.G.T	2079	725	2	0	2
CMYA5:chr5.79034662.C.T	1647	233	2	0	2
COMMD9:chr11.36295675.G.A	949	998	2	0	2
CRTC1:chr19.18892602.A.G	919	134	2	0	2
CXorf59:chrX.36103580.C.G	2961	0	1	0	2
DLG1:chr3.196812542.T.A	3055	260	2	0	2
DMD:chrX.31200879.T.C	1411	138	1	0	2
DMXL1:chr5.118485651.A.C	1878	79	2	0	2
DNAJA2:chr16.46991011.GCTTCACGCCTCTG.-	4314	177	2	0	2
EMD:chrX.153609774.T.G	584	261	1	0	2
ENTPD7:chr10.101464767.T.G	2440	254	2	0	2
ERMP1:chr9.5801278.T.C	3088	1	2	0	2
ESRP2:chr16.68264892.G.T	815	159	2	0	2
EXOC2:chr6.532610.C.T	3285	263	2	0	2
EXOC2:chr6.532611.C.A	3287	266	2	0	2
EYS:chr6.66063466.C.G	2170	1408	2	0	2
FAM176A:chr2.75720362.C.T	1795	202	2	0	2
FCGBP:chr19.40421227.T.G	1129	180	2	0	2
FHDC1:chr4.153897678.G.T	1546	173	2	0	2
FLG:chr1.152279682.G.A	1237	120	2	0	2
FMR1:chrX.147019018.A.G	3129	1	1	0	2
FN1:chr2.216292968.-.T	7187	492	2	0	2
GPR133:chr12.131438590.A.G	2339	150	2	0	3
GRIN2B:chr12.13716208.C.T	1772	0	2	0	2
GUCY2F:chrX.108631735.C.T	2152	970	1	0	2
H3F3A:chr1.226252135.A.T	886	624	2	0	2
HIVEP1:chr6.12125522.A.G	2878	396	2	0	2
HTATSF1:chrX.135593621.G.A	1806	1058	1	0	2
HTR4:chr5.147902910.C.T	1531	0	2	0	2
IGF2:chr11.2156612.G.A	624	771	2	0	2
ITGAV:chr2.187544331.T.A	3682	265	2	0	2
IVNS1ABP:chr1.185278017.AAAAAAGTTACTTATGATA.-	7416	300	2	0	2
KIAA1671:chr22.25588764.A.G	2118	235	2	0	2
KIAA1715:chr2.176829290.AAGT.-	5435	2980	2	0	2
KRT32:chr17.39623464.G.T	1793	167	2	0	2
LEMD2:chr6.33756789.C.T	341	22	2	0	2
LOC158572:chrX.49642793.G.T	1622	101	1	0	2
LRBA:chr4.151773671.G.C	3155	0	2	0	2
MAGEC1:chrX.140995493.A.T	792	98	1	0	2
MREG:chr2.216877984.C.T	554	461	2	0	2
MUC16:chr19.9059616.C.A	2082	3	2	0	2
MYO15A:chr17.18051534.C.T	1524	245	2	0	2
MYO9B:chr19.17313121.C.T	816	76	2	0	2
MYOZ2:chr4.120107884.C.T	3183	0	2	0	2
NF1:chr17.29670133.T.-	7240	991	2	0	2
NKAIN1:chr1.31660985.G.T	1500	3	2	0	2
NLK:chr17.26495595.A.T	2794	264	2	0	2
OLFML2B:chr1.161953283.A.G	3077	319	2	0	2
OTUD5:chrX.48781249.C.T	981	498	1	0	2
PCDHB7:chr5.140553146.C.T	1354	178	2	0	2
PIK3R1:chr5.67595212.C.G	1962	0	2	0	2
PPFIA4:chr1.203044785.G.A	969	664	2	0	2
PPHLN1:chr12.42778795.A.G	1953	0	2	0	2
PPM1H:chr12.63040860.G.C	3679	375	2	0	3
PREX2:chr8.69104739.T.A	3051	263	2	0	2
PRKAB2:chr1.146627425.G.A	3105	423	2	0	2
PROKR1:chr2.68873350.G.A	2365	2	2	0	2
PRRC2A:chr6.31595636.TGGCAGTG.-	4826	127	2	0	2
PTAR1:chr9.72328709.G.A	1787	1055	2	0	2
PUM1:chr1.31405387.C.A	1899	202	2	0	2
RAB4A:chr1.229434744.A.G	3689	0	2	0	2
RASGRF1:chr15.79277433.G.T	2309	2	2	0	2
RBFOX3:chr17.77086284.C.T	1756	3	2	0	2
RBM10:chrX.47030581.AGG.-	2126	147	1	0	2
RBM16:chr6.155143454.C.-	6433	545	2	0	2
RNF11:chr1.51738218.T.G	3099	492	2	0	2
RTKN:chr2.74667060.G.C	2213	0	2	0	2
SH3TC2:chr5.148407493.C.A	1693	0	2	0	2
SHPRH:chr6.146244901.C.A	2898	451	2	0	2
SLC22A9:chr11.63141413.G.A	1610	776	2	0	2
SLC6A7:chr5.149590250.T.C	1258	133	2	0	2
SNRPD3:chr22.24951675.C.A	1478	146	2	0	2
SPECC1:chr17.20000064.A.G	2641	205	2	0	2
SRSF3:chr6.36567635.T.G	1957	12	2	0	2
SSPO:chr7.149500126.C.T	1138	1	2	0	2
STK11IP:chr2.220470410.T.A	836	0	2	0	2
STK40:chr1.36806139.G.A	896	48	2	0	2
STON1:chr2.48823606.T.C	3647	98	2	0	2
STX2:chr12.131285743.C.T	3869	319	2	0	3
SUGP1:chr19.19389577.G.T	1609	0	2	0	2
SYNJ1:chr21.34002489.G.T	2078	98	2	0	2
TACR3:chr4.104577505.T.C	1812	1375	2	0	2
TBCC:chr6.42713356.TACTTTGGTAGACGAAGCAGCATC.-	3630	88	2	0	2
TCOF1:chr5.149748434.C.T	1694	1	2	0	2
TECTA:chr11.121008354.G.T	1996	1	2	0	2
UBE2A:chrX.118714826.C.A	2529	188	1	0	2
USP53:chr4.120177501.C.G	2984	312	2	0	2
VPS13A:chr9.79959167.A.T	2977	317	2	0	2
VWF:chr12.6230469.A.G	2013	153	2	0	2
ZNF449:chrX.134495770.G.T	3263	246	1	0	2
ZNF665:chr19.53667880.A.G	1217	0	2	0	2
